{"xg_by_foot": {"standard_scaler": {"mean": {"dist": 18.610252422407328, "angle": 22.34941514934875}, "var": {"dist": 52.86317816375148, "angle": 185.6593693612403}}, "logreg": {"coefs": {"dist": -0.6108847292678112, "angle": 0.31690681366731754}, "intercept": -2.431934835054635}}, "xg_by_head": {"standard_scaler": {"mean": {"dist": 9.13954191538091, "angle": 43.49327002439046}, "var": {"dist": 14.46888614244048, "angle": 323.0510616626891}}, "logreg": {"coefs": {"dist": -0.57939127065448, "angle": 0.2148479294745147}, "intercept": -2.30030831622827}}, "xg_by_free_kick": {"standard_scaler": {"mean": {"dist": 26.57829838221245, "angle": 14.372910103306053}, "var": {"dist": 21.954245292998916, "angle": 12.927331957600138}}, "logreg": {"coefs": {"dist": -0.8156609029417168, "angle": 0.0828756429726481}, "intercept": -3.0633649317411975}}}
