{"xG_by_foot": {"standard_scaler": {"mean": {"dist": 18.610252422407328, "angle": 22.34941514934875}, "var": {"dist": 52.863178163751485, "angle": 185.6593693612403}}, "logreg": {"coefs": {"dist": -0.6108847292678116, "angle": 0.31690681366731754}, "intercept": -2.4319348350546353}}, "xG_by_head": {"standard_scaler": {"mean": {"dist": 9.13954191538091, "angle": 43.49327002439046}, "var": {"dist": 14.46888614244048, "angle": 323.0510616626891}}, "logreg": {"coefs": {"dist": -0.5793912706544811, "angle": 0.21484792947451417}, "intercept": -2.3003083162282705}}, "xG_by_free_kick": {"standard_scaler": {"mean": {"dist": 26.57829838221245, "angle": 14.372910103306053}, "var": {"dist": 21.954245292998916, "angle": 12.927331957600137}}, "logreg": {"coefs": {"dist": -0.8156609029417159, "angle": 0.08287564297264889}, "intercept": -3.0633649317411975}}}